# _tick,_time,frames,mean_episode_return_0,loss_0,mean_episode_return_1,loss_1
0,1708936658.7933621,0,-0.5274074077606201,1.6682552099227905,0,0
1,1708936658.9716847,3200,-0.5274074077606201,1.6682552099227905,0.5072034001350403,2.1657004356384277
2,1708936659.6924956,6400,-0.5328030586242676,9.403508186340332,0.5072034001350403,2.1657004356384277
3,1708936659.766739,9600,-0.5328030586242676,9.403508186340332,0.5375383496284485,10.84756851196289
4,1708936660.6484296,12800,-0.4783904552459717,8.05936336517334,0.5375383496284485,10.84756851196289
5,1708936660.7553859,16000,-0.4783904552459717,8.05936336517334,0.4843200147151947,8.4399995803833
6,1708936661.5659308,19200,-0.4783904552459717,8.05936336517334,0.3968038856983185,11.881976127624512
7,1708936661.6715052,22400,-0.3968363106250763,11.402656555175781,0.3968038856983185,11.881976127624512
8,1708936662.4538374,25600,-0.3968363106250763,11.402656555175781,0.3462224006652832,11.535910606384277
9,1708936662.692855,28800,-0.35295727849006653,10.877233505249023,0.3462224006652832,11.535910606384277
10,1708936663.279912,32000,-0.35295727849006653,10.877233505249023,0.27939459681510925,8.150291442871094
11,1708936663.6603172,35200,-0.27327266335487366,8.283836364746094,0.27939459681510925,8.150291442871094
12,1708936664.068042,38400,-0.27327266335487366,8.283836364746094,0.2347363531589508,9.646717071533203
13,1708936664.5978982,41600,-0.2330387979745865,9.576706886291504,0.2347363531589508,9.646717071533203
14,1708936664.8971047,44800,-0.2330387979745865,9.576706886291504,0.19793233275413513,9.521893501281738
15,1708936665.5538094,48000,-0.1738639622926712,7.241611480712891,0.19793233275413513,9.521893501281738
16,1708936665.6902764,51200,-0.1738639622926712,7.241611480712891,0.147880420088768,6.153818130493164
17,1708936666.4538972,54400,-0.1738639622926712,7.241611480712891,0.16096730530261993,6.925100803375244
18,1708936666.5473135,57600,-0.20267991721630096,7.132526874542236,0.16096730530261993,6.925100803375244
19,1708936667.239268,60800,-0.20267991721630096,7.132526874542236,0.15680746734142303,8.77196979522705
20,1708936667.5512142,64000,-0.18694034218788147,8.694515228271484,0.15680746734142303,8.77196979522705
21,1708936668.0078964,67200,-0.18694034218788147,8.694515228271484,0.14771921932697296,8.707147598266602
22,1708936668.4992962,70400,-0.17480014264583588,8.644190788269043,0.14771921932697296,8.707147598266602
23,1708936668.8482435,73600,-0.17480014264583588,8.644190788269043,0.13919080793857574,7.8705644607543945
24,1708936669.4523323,76800,-0.1582338511943817,8.158346176147461,0.13919080793857574,7.8705644607543945
25,1708936669.6122215,80000,-0.1582338511943817,8.158346176147461,0.12328284233808517,8.908303260803223
26,1708936670.4380817,83200,-0.12379204481840134,11.759084701538086,0.12328284233808517,8.908303260803223
27,1708936670.4590912,86400,-0.12379204481840134,11.759084701538086,0.09427838027477264,11.996744155883789
28,1708936671.2086651,89600,-0.12379204481840134,11.759084701538086,0.09306216239929199,15.320984840393066
29,1708936671.380548,92800,-0.11902517825365067,16.19896697998047,0.09306216239929199,15.320984840393066
30,1708936671.9400256,96000,-0.11902517825365067,16.19896697998047,0.0798611044883728,10.805761337280273
31,1708936672.2644198,99200,-0.09598992019891739,9.229835510253906,0.0798611044883728,10.805761337280273
32,1708936672.6789634,102400,-0.09598992019891739,9.229835510253906,0.0638182982802391,8.33462905883789
33,1708936673.1139462,105600,-0.09141366928815842,7.3870697021484375,0.0638182982802391,8.33462905883789
34,1708936673.3649116,108800,-0.09141366928815842,7.3870697021484375,0.06430953741073608,7.248641490936279
35,1708936673.9959464,112000,-0.08955180644989014,9.141719818115234,0.06430953741073608,7.248641490936279
36,1708936674.0903394,115200,-0.08955180644989014,9.141719818115234,0.06387615948915482,9.765996932983398
37,1708936674.7494988,118400,-0.08955180644989014,9.141719818115234,0.057472869753837585,9.429509162902832
38,1708936674.868558,121600,-0.07878534495830536,9.701888084411621,0.057472869753837585,9.429509162902832
39,1708936675.4474432,124800,-0.07878534495830536,9.701888084411621,0.053533218801021576,8.641685485839844
40,1708936675.7810447,128000,-0.08191428333520889,8.22840404510498,0.053533218801021576,8.641685485839844
41,1708936676.1513052,131200,-0.08191428333520889,8.22840404510498,0.058090221136808395,8.29858684539795
42,1708936676.6362581,134400,-0.10567022860050201,7.4436821937561035,0.058090221136808395,8.29858684539795
43,1708936676.8135388,137600,-0.10567022860050201,7.4436821937561035,0.07592739909887314,6.916125297546387
44,1708936677.5354667,140800,-0.10567022860050201,7.4436821937561035,0.06914719194173813,8.6300630569458
45,1708936677.552178,144000,-0.10627666115760803,7.375741481781006,0.06914719194173813,8.6300630569458
46,1708936678.1979916,147200,-0.10627666115760803,7.375741481781006,0.07872437685728073,7.832843780517578
47,1708936678.471097,150400,-0.12607456743717194,8.828211784362793,0.07872437685728073,7.832843780517578
48,1708936678.91183,153600,-0.12607456743717194,8.828211784362793,0.08413472026586533,6.239496231079102
49,1708936679.2948484,156800,-0.12393657863140106,6.438509941101074,0.08413472026586533,6.239496231079102
50,1708936679.6456325,160000,-0.12393657863140106,6.438509941101074,0.07360470294952393,6.603507041931152
51,1708936680.1884992,163200,-0.11824342608451843,5.858084201812744,0.07360470294952393,6.603507041931152
52,1708936680.3227217,166400,-0.11824342608451843,5.858084201812744,0.0703822672367096,5.989073276519775
53,1708936681.052407,169600,-0.12384232878684998,5.345170974731445,0.0703822672367096,5.989073276519775
54,1708936681.0867255,172800,-0.12384232878684998,5.345170974731445,0.07555412501096725,5.631044864654541
55,1708936681.756558,176000,-0.12384232878684998,5.345170974731445,0.08094176650047302,8.026163101196289
56,1708936682.0134053,179200,-0.1353408843278885,7.845162391662598,0.08094176650047302,8.026163101196289
57,1708936682.4974945,182400,-0.1353408843278885,7.845162391662598,0.08518481999635696,7.477136611938477
58,1708936682.9338212,185600,-0.14149129390716553,5.939703464508057,0.08518481999635696,7.477136611938477
59,1708936683.2860043,188800,-0.14149129390716553,5.939703464508057,0.08777377754449844,5.7753801345825195
60,1708936683.8162088,192000,-0.1463586539030075,5.512676239013672,0.08777377754449844,5.7753801345825195
61,1708936683.9989734,195200,-0.1463586539030075,5.512676239013672,0.08952924609184265,5.854701042175293
62,1708936684.7188108,198400,-0.1463586539030075,5.512676239013672,0.08768295496702194,7.235925197601318
63,1708936684.8206701,201600,-0.14851504564285278,6.670164585113525,0.08768295496702194,7.235925197601318
64,1708936685.482405,204800,-0.14851504564285278,6.670164585113525,0.08996716886758804,6.055209159851074
65,1708936685.7172585,208000,-0.1530659943819046,5.582087993621826,0.08996716886758804,6.055209159851074
66,1708936686.2415998,211200,-0.1530659943819046,5.582087993621826,0.09185829758644104,6.1311140060424805
67,1708936686.6962314,214400,-0.1556660383939743,6.273883819580078,0.09185829758644104,6.1311140060424805
68,1708936687.0092423,217600,-0.1556660383939743,6.273883819580078,0.08970128744840622,7.050982475280762
69,1708936687.602424,220800,-0.15467922389507294,6.230618476867676,0.08970128744840622,7.050982475280762
70,1708936687.7890282,224000,-0.15467922389507294,6.230618476867676,0.08857337385416031,6.22258186340332
71,1708936688.4760911,227200,-0.15467922389507294,6.230618476867676,0.09049348533153534,7.434517860412598
72,1708936688.5014336,230400,-0.15766148269176483,6.935677528381348,0.09049348533153534,7.434517860412598
73,1708936689.2323563,233600,-0.15766148269176483,6.935677528381348,0.08792445808649063,5.427366256713867
74,1708936689.425206,236800,-0.15577039122581482,4.983293533325195,0.08792445808649063,5.427366256713867
75,1708936689.9470174,240000,-0.15577039122581482,4.983293533325195,0.08627299964427948,5.365753173828125
76,1708936690.2769399,243200,-0.15659621357917786,4.7701029777526855,0.08627299964427948,5.365753173828125
77,1708936690.6496027,246400,-0.15659621357917786,4.7701029777526855,0.08663685619831085,4.923248767852783
78,1708936691.1518433,249600,-0.15414543449878693,4.612844944000244,0.08663685619831085,4.923248767852783
79,1708936691.3687787,252800,-0.15414543449878693,4.612844944000244,0.08359503746032715,5.381819248199463
80,1708936692.0207531,256000,-0.14968712627887726,4.492289066314697,0.08359503746032715,5.381819248199463
81,1708936692.164282,259200,-0.14968712627887726,4.492289066314697,0.07934809476137161,5.048250198364258
82,1708936692.9266043,262400,-0.14968712627887726,4.492289066314697,0.07726624608039856,4.656588554382324
83,1708936692.9514596,265600,-0.1483362913131714,4.144584655761719,0.07726624608039856,4.656588554382324
84,1708936693.6795018,268800,-0.1483362913131714,4.144584655761719,0.0774424746632576,4.775395393371582
85,1708936693.830878,272000,-0.14983002841472626,4.201904296875,0.0774424746632576,4.775395393371582
86,1708936694.3839977,275200,-0.14983002841472626,4.201904296875,0.07584134489297867,4.8739333152771
87,1708936694.6883662,278400,-0.14875921607017517,4.207380294799805,0.07584134489297867,4.8739333152771
88,1708936695.126784,281600,-0.14875921607017517,4.207380294799805,0.073591448366642,4.3996453285217285
89,1708936695.602397,284800,-0.14465144276618958,3.4266695976257324,0.073591448366642,4.3996453285217285
90,1708936695.9266574,288000,-0.14465144276618958,3.4266695976257324,0.0707121193408966,3.5909056663513184
91,1708936696.5002635,291200,-0.14022400975227356,3.53659725189209,0.0707121193408966,3.5909056663513184
92,1708936696.714184,294400,-0.14022400975227356,3.53659725189209,0.06678510457277298,3.9335083961486816
93,1708936697.3767967,297600,-0.1375277042388916,3.464273691177368,0.06678510457277298,3.9335083961486816
94,1708936697.5144806,300800,-0.1375277042388916,3.464273691177368,0.06381385773420334,3.719989538192749
95,1708936698.2877295,304000,-0.1375277042388916,3.464273691177368,0.061077676713466644,3.931187152862549
96,1708936698.3585582,307200,-0.13434845209121704,3.533911943435669,0.061077676713466644,3.931187152862549
97,1708936699.0808346,310400,-0.13434845209121704,3.533911943435669,0.058777861297130585,3.822033643722534
98,1708936699.2916114,313600,-0.13134324550628662,3.6237213611602783,0.058777861297130585,3.822033643722534
99,1708936699.8912418,316800,-0.13134324550628662,3.6237213611602783,0.059109870344400406,5.380988121032715
100,1708936700.1728082,320000,-0.13360454142093658,4.528802394866943,0.059109870344400406,5.380988121032715
101,1708936700.590578,323200,-0.13360454142093658,4.528802394866943,0.057317204773426056,4.744542121887207
102,1708936701.0106332,326400,-0.1285773068666458,3.7386558055877686,0.057317204773426056,4.744542121887207
103,1708936701.347518,329600,-0.1285773068666458,3.7386558055877686,0.053429871797561646,3.901522636413574
104,1708936701.9576805,332800,-0.12452351301908493,3.6931772232055664,0.053429871797561646,3.901522636413574
105,1708936702.1508615,336000,-0.12452351301908493,3.6931772232055664,0.049321386963129044,3.954793691635132
106,1708936702.847059,339200,-0.12179034948348999,2.9949190616607666,0.049321386963129044,3.954793691635132
107,1708936702.9026704,342400,-0.12179034948348999,2.9949190616607666,0.04751799628138542,3.3741397857666016
108,1708936703.7164724,345600,-0.12179034948348999,2.9949190616607666,0.04574590548872948,3.2222046852111816
109,1708936703.7346764,348800,-0.11951800435781479,2.8102777004241943,0.04574590548872948,3.2222046852111816
110,1708936704.4338186,352000,-0.11951800435781479,2.8102777004241943,0.04403002932667732,3.067234516143799
111,1708936704.5728054,355200,-0.11804366856813431,2.652651309967041,0.04403002932667732,3.067234516143799
112,1708936705.174511,358400,-0.11804366856813431,2.652651309967041,0.04028671234846115,3.043910264968872
113,1708936705.4315608,361600,-0.11307651549577713,2.530122756958008,0.04028671234846115,3.043910264968872
114,1708936705.9099383,364800,-0.11307651549577713,2.530122756958008,0.03645557910203934,3.1351842880249023
115,1708936706.2482195,368000,-0.10751599073410034,2.4908971786499023,0.03645557910203934,3.1351842880249023
116,1708936706.7096362,371200,-0.10751599073410034,2.4908971786499023,0.03327742964029312,2.9626879692077637
117,1708936707.2170625,374400,-0.10527187585830688,2.217003583908081,0.03327742964029312,2.9626879692077637
118,1708936707.5516071,377600,-0.10527187585830688,2.217003583908081,0.031248437240719795,2.6113147735595703
119,1708936708.091332,380800,-0.10415303707122803,2.143993616104126,0.031248437240719795,2.6113147735595703
120,1708936708.288962,384000,-0.10415303707122803,2.143993616104126,0.02983221411705017,2.806899309158325
121,1708936708.92481,387200,-0.10115613788366318,2.1255857944488525,0.02983221411705017,2.806899309158325
122,1708936709.0755956,390400,-0.10115613788366318,2.1255857944488525,0.026871632784605026,2.5938234329223633
123,1708936709.8210375,393600,-0.10115613788366318,2.1255857944488525,0.025496069341897964,2.513148546218872
124,1708936709.840143,396800,-0.09911394119262695,1.9488667249679565,0.025496069341897964,2.513148546218872
125,1708936710.5822861,400000,-0.09911394119262695,1.9488667249679565,0.022218236699700356,2.8494701385498047
126,1708936710.6625679,403200,-0.09520943462848663,2.2145602703094482,0.022218236699700356,2.8494701385498047
127,1708936711.4007454,406400,-0.09520943462848663,2.2145602703094482,0.020770110189914703,2.5726397037506104
128,1708936711.6308763,409600,-0.09345662593841553,1.9867857694625854,0.020770110189914703,2.5726397037506104
129,1708936712.2058535,412800,-0.09345662593841553,1.9867857694625854,0.017827816307544708,2.848745822906494
130,1708936712.5477445,416000,-0.08946681767702103,2.395026683807373,0.017827816307544708,2.848745822906494
131,1708936712.9932096,419200,-0.08946681767702103,2.395026683807373,0.015617125667631626,2.4018235206604004
132,1708936713.4129748,422400,-0.08679119497537613,1.777944803237915,0.015617125667631626,2.4018235206604004
133,1708936713.7239776,425600,-0.08679119497537613,1.777944803237915,0.0136165926232934,2.7626476287841797
134,1708936714.3452742,428800,-0.08609549701213837,2.775660991668701,0.0136165926232934,2.7626476287841797
135,1708936714.5019395,432000,-0.08609549701213837,2.775660991668701,0.012189057655632496,3.1122705936431885
136,1708936715.287123,435200,-0.08609549701213837,2.775660991668701,0.012291488237679005,3.6581151485443115
137,1708936715.2903097,438400,-0.08564357459545135,3.3062822818756104,0.012291488237679005,3.6581151485443115
138,1708936716.072709,441600,-0.08564357459545135,3.3062822818756104,0.011529688723385334,2.6591796875
139,1708936716.1805985,444800,-0.08531344681978226,2.407975673675537,0.011529688723385334,2.6591796875
140,1708936716.855676,448000,-0.08531344681978226,2.407975673675537,0.009891856461763382,2.794419050216675
141,1708936717.0753994,451200,-0.08291496336460114,2.262711524963379,0.009891856461763382,2.794419050216675
142,1708936717.5839846,454400,-0.08291496336460114,2.262711524963379,0.008693089708685875,2.2616868019104004
143,1708936717.9083922,457600,-0.0825638398528099,2.055516242980957,0.008693089708685875,2.2616868019104004
144,1708936718.4060657,460800,-0.0825638398528099,2.055516242980957,0.006663301959633827,3.174933671951294
145,1708936718.911537,464000,-0.08060454577207565,2.3486430644989014,0.006663301959633827,3.174933671951294
146,1708936719.261244,467200,-0.08060454577207565,2.3486430644989014,0.006709272973239422,2.312363862991333
147,1708936719.7785678,470400,-0.07894271612167358,2.2704155445098877,0.006709272973239422,2.312363862991333
148,1708936720.0038528,473600,-0.07894271612167358,2.2704155445098877,0.004226465243846178,3.243626117706299
149,1708936720.600188,476800,-0.07834919542074203,1.8814677000045776,0.004226465243846178,3.243626117706299
150,1708936720.768256,480000,-0.07834919542074203,1.8814677000045776,0.004093846771866083,2.150120496749878
151,1708936721.4774692,483200,-0.07746507972478867,1.7333570718765259,0.004093846771866083,2.150120496749878
152,1708936721.47957,486400,-0.07746507972478867,1.7333570718765259,0.003127372357994318,2.0457465648651123
153,1708936722.2260108,489600,-0.07746507972478867,1.7333570718765259,0.00257022469304502,2.0089166164398193
154,1708936722.3088045,492800,-0.07713966071605682,1.7381961345672607,0.00257022469304502,2.0089166164398193
155,1708936722.9457176,496000,-0.07713966071605682,1.7381961345672607,0.002064644591882825,2.121734857559204
156,1708936723.1664798,499200,-0.07647892832756042,1.7152485847473145,0.002064644591882825,2.121734857559204
157,1708936723.7228878,502400,-0.07647892832756042,1.7152485847473145,0.00044509145664051175,1.935628056526184
158,1708936724.0081055,505600,-0.07480312138795853,1.3440991640090942,0.00044509145664051175,1.935628056526184
159,1708936724.4742737,508800,-0.07480312138795853,1.3440991640090942,0.0002790182479657233,2.0246167182922363
160,1708936724.8613722,512000,-0.07445842772722244,1.7525458335876465,0.0002790182479657233,2.0246167182922363
161,1708936725.1882195,515200,-0.07445842772722244,1.7525458335876465,0.000345914886565879,2.1140265464782715
162,1708936725.6767154,518400,-0.07497279345989227,1.8620785474777222,0.000345914886565879,2.1140265464782715
163,1708936725.9448602,521600,-0.07497279345989227,1.8620785474777222,-0.0007989305886439979,2.345771551132202
164,1708936726.4967778,524800,-0.074231818318367,1.8115954399108887,-0.0007989305886439979,2.345771551132202
165,1708936726.66677,528000,-0.074231818318367,1.8115954399108887,-0.0010955784237012267,2.099555730819702
166,1708936727.3297608,531200,-0.07418109476566315,1.5444639921188354,-0.0010955784237012267,2.099555730819702
167,1708936727.4417605,534400,-0.07418109476566315,1.5444639921188354,-0.0015970717649906874,1.7950828075408936
168,1708936728.129655,537600,-0.07418109476566315,1.5444639921188354,-0.001833534799516201,1.8647140264511108
169,1708936728.1782272,540800,-0.07402992993593216,1.5199428796768188,-0.001833534799516201,1.8647140264511108
170,1708936728.8642044,544000,-0.07402992993593216,1.5199428796768188,-0.0031004406046122313,2.1832332611083984
171,1708936729.0088162,547200,-0.07271027565002441,1.7838006019592285,-0.0031004406046122313,2.1832332611083984
172,1708936729.5751598,550400,-0.07271027565002441,1.7838006019592285,-0.006025300826877356,2.4107089042663574
173,1708936729.870058,553600,-0.06968392431735992,2.6535468101501465,-0.006025300826877356,2.4107089042663574
174,1708936730.3424888,556800,-0.06968392431735992,2.6535468101501465,-0.005697143264114857,3.637970209121704
175,1708936730.8363142,560000,-0.0708509162068367,3.852085590362549,-0.005697143264114857,3.637970209121704
176,1708936731.2121525,563200,-0.0708509162068367,3.852085590362549,-0.006294954102486372,4.593173503875732
177,1708936731.7966015,566400,-0.0696917176246643,2.987509250640869,-0.006294954102486372,4.593173503875732
178,1708936731.9796607,569600,-0.0696917176246643,2.987509250640869,-0.007209167815744877,2.8327441215515137
179,1708936732.634295,572800,-0.06731315702199936,2.488978147506714,-0.007209167815744877,2.8327441215515137
180,1708936732.704575,576000,-0.06731315702199936,2.488978147506714,-0.00875681359320879,2.8697571754455566
181,1708936733.477042,579200,-0.06731315702199936,2.488978147506714,-0.009223073720932007,2.8234047889709473
182,1708936733.575664,582400,-0.06715057045221329,2.642108678817749,-0.009223073720932007,2.8234047889709473
183,1708936734.3704453,585600,-0.06715057045221329,2.642108678817749,-0.009938424453139305,3.5011136531829834
184,1708936734.5878692,588800,-0.06622256338596344,3.5671637058258057,-0.009938424453139305,3.5011136531829834
185,1708936735.1592727,592000,-0.06622256338596344,3.5671637058258057,-0.015808360651135445,4.732018947601318
186,1708936735.544496,595200,-0.06628211587667465,3.408337116241455,-0.015808360651135445,4.732018947601318
187,1708936736.013049,598400,-0.06628211587667465,3.408337116241455,-0.02165764570236206,4.065540313720703
188,1708936736.519778,601600,-0.0658523440361023,2.693335771560669,-0.02165764570236206,4.065540313720703
189,1708936736.837966,604800,-0.0658523440361023,2.693335771560669,-0.026177527382969856,2.8291008472442627
190,1708936737.4166975,608000,-0.06525030732154846,2.4285459518432617,-0.026177527382969856,2.8291008472442627
191,1708936737.654462,611200,-0.06525030732154846,2.4285459518432617,-0.027952801436185837,2.9752204418182373
192,1708936738.2690816,614400,-0.06421241164207458,1.8259609937667847,-0.027952801436185837,2.9752204418182373
193,1708936738.4537725,617600,-0.06421241164207458,1.8259609937667847,-0.03063216246664524,2.1910860538482666
194,1708936739.2547877,620800,-0.06318635493516922,1.9127811193466187,-0.03063216246664524,2.1910860538482666
195,1708936739.3035612,624000,-0.06318635493516922,1.9127811193466187,-0.03113691136240959,2.373570680618286
196,1708936740.078395,627200,-0.06318635493516922,1.9127811193466187,-0.03115585818886757,2.017629861831665
197,1708936740.2374158,630400,-0.06313367187976837,1.9223541021347046,-0.03115585818886757,2.017629861831665
198,1708936740.9835894,633600,-0.06313367187976837,1.9223541021347046,-0.031846996396780014,2.211165428161621
199,1708936741.2306943,636800,-0.06246345490217209,2.0660576820373535,-0.031846996396780014,2.211165428161621
200,1708936741.7664838,640000,-0.06246345490217209,2.0660576820373535,-0.029897503554821014,2.1393625736236572
201,1708936742.1299067,643200,-0.06157133728265762,1.84326171875,-0.029897503554821014,2.1393625736236572
202,1708936742.6300542,646400,-0.06157133728265762,1.84326171875,-0.03278477489948273,2.3931636810302734
203,1708936743.0616865,649600,-0.0622171126306057,1.5365208387374878,-0.03278477489948273,2.3931636810302734
204,1708936743.4599905,652800,-0.0622171126306057,1.5365208387374878,-0.03409920632839203,1.831924319267273
205,1708936743.969222,656000,-0.06208851560950279,1.6073428392410278,-0.03409920632839203,1.831924319267273
206,1708936744.2237883,659200,-0.06208851560950279,1.6073428392410278,-0.03508469834923744,1.9694983959197998
207,1708936744.899593,662400,-0.061949223279953,1.4410110712051392,-0.03508469834923744,1.9694983959197998
208,1708936745.1001828,665600,-0.061949223279953,1.4410110712051392,-0.03625597059726715,1.805086374282837
209,1708936745.9178607,668800,-0.061949223279953,1.4410110712051392,-0.036897651851177216,2.0131521224975586
210,1708936745.9242442,672000,-0.06048005446791649,1.6866278648376465,-0.036897651851177216,2.0131521224975586
211,1708936746.799517,675200,-0.06048005446791649,1.6866278648376465,-0.03455187380313873,1.99222993850708
212,1708936746.884004,678400,-0.06010300666093826,1.7063148021697998,-0.03455187380313873,1.99222993850708
213,1708936747.6401198,681600,-0.06010300666093826,1.7063148021697998,-0.03523718938231468,1.8651312589645386
214,1708936747.8471892,684800,-0.06027541682124138,1.3161060810089111,-0.03523718938231468,1.8651312589645386
215,1708936748.4927645,688000,-0.06027541682124138,1.3161060810089111,-0.03380942344665527,1.9344314336776733
216,1708936748.7715054,691200,-0.06087466701865196,1.7298874855041504,-0.03380942344665527,1.9344314336776733
217,1708936749.2994754,694400,-0.06087466701865196,1.7298874855041504,-0.03178893402218819,1.9443011283874512
218,1708936749.7298398,697600,-0.0566282756626606,1.375504732131958,-0.03178893402218819,1.9443011283874512
219,1708936750.1557508,700800,-0.0566282756626606,1.375504732131958,-0.03268738463521004,1.801324486732483
220,1708936750.6489036,704000,-0.05218488350510597,1.581730604171753,-0.03268738463521004,1.801324486732483
221,1708936751.0305717,707200,-0.05218488350510597,1.581730604171753,-0.032939694821834564,1.9877688884735107
222,1708936751.61909,710400,-0.049566105008125305,1.6320801973342896,-0.032939694821834564,1.9877688884735107
223,1708936751.841334,713600,-0.049566105008125305,1.6320801973342896,-0.03223655745387077,1.830367088317871
224,1708936752.5189428,716800,-0.04860616847872734,1.4067074060440063,-0.03223655745387077,1.830367088317871
225,1708936752.688136,720000,-0.04860616847872734,1.4067074060440063,-0.032508328557014465,1.8740578889846802
226,1708936753.4416392,723200,-0.04779873788356781,1.7025539875030518,-0.032508328557014465,1.8740578889846802
227,1708936753.4881449,726400,-0.04779873788356781,1.7025539875030518,-0.03408051282167435,2.0617263317108154
228,1708936754.2742414,729600,-0.04779873788356781,1.7025539875030518,-0.03943198174238205,2.014901638031006
229,1708936754.3926673,732800,-0.0495467334985733,1.7240536212921143,-0.03943198174238205,2.014901638031006
230,1708936755.1607327,736000,-0.0495467334985733,1.7240536212921143,-0.03862309083342552,1.8809808492660522
231,1708936755.3239639,739200,-0.05064976587891579,1.402098536491394,-0.03862309083342552,1.8809808492660522
232,1708936755.9841907,742400,-0.05064976587891579,1.402098536491394,-0.042337194085121155,1.9768644571304321
233,1708936756.2687824,745600,-0.05345289781689644,1.6345821619033813,-0.042337194085121155,1.9768644571304321
234,1708936756.8199503,748800,-0.05345289781689644,1.6345821619033813,-0.04499322548508644,1.8744393587112427
235,1708936757.1998937,752000,-0.049675069749355316,1.628602147102356,-0.04499322548508644,1.8744393587112427
236,1708936757.6352215,755200,-0.049675069749355316,1.628602147102356,-0.04308334365487099,1.923169732093811
237,1708936758.1142042,758400,-0.04959936439990997,1.6363388299942017,-0.04308334365487099,1.923169732093811
238,1708936758.466489,761600,-0.04959936439990997,1.6363388299942017,-0.04346471652388573,2.0262556076049805
239,1708936759.0890608,764800,-0.04906538128852844,1.651633620262146,-0.04346471652388573,2.0262556076049805
240,1708936759.3105865,768000,-0.04906538128852844,1.651633620262146,-0.04668569564819336,1.8889579772949219
241,1708936759.957835,771200,-0.0501420684158802,1.4119465351104736,-0.04668569564819336,1.8889579772949219
242,1708936760.0899978,774400,-0.0501420684158802,1.4119465351104736,-0.048882804811000824,1.7549688816070557
243,1708936760.9226084,777600,-0.05309882014989853,1.626488208770752,-0.048882804811000824,1.7549688816070557
244,1708936760.926925,780800,-0.05309882014989853,1.626488208770752,-0.05203309655189514,1.9971168041229248
245,1708936761.6982756,784000,-0.05309882014989853,1.626488208770752,-0.05391718074679375,1.936617136001587
246,1708936761.819007,787200,-0.05312896892428398,1.615004539489746,-0.05391718074679375,1.936617136001587
247,1708936762.5229268,790400,-0.05312896892428398,1.615004539489746,-0.05568605288863182,2.029334545135498
248,1708936762.705017,793600,-0.056313514709472656,1.7638635635375977,-0.05568605288863182,2.029334545135498
249,1708936763.3610198,796800,-0.056313514709472656,1.7638635635375977,-0.05631622299551964,1.8783769607543945
250,1708936763.6893835,800000,-0.05657880753278732,1.378240942955017,-0.05631622299551964,1.8783769607543945
251,1708936764.1667945,803200,-0.05657880753278732,1.378240942955017,-0.05910423770546913,1.7841299772262573
252,1708936764.621941,806400,-0.055945996195077896,1.5759695768356323,-0.05910423770546913,1.7841299772262573
253,1708936765.0372875,809600,-0.055945996195077896,1.5759695768356323,-0.061233628541231155,1.9953056573867798
254,1708936765.6107469,812800,-0.0568656399846077,1.7878776788711548,-0.061233628541231155,1.9953056573867798
255,1708936765.8735514,816000,-0.0568656399846077,1.7878776788711548,-0.06253299862146378,2.373861074447632
256,1708936766.5369096,819200,-0.05584314465522766,1.6990772485733032,-0.06253299862146378,2.373861074447632
257,1708936766.6822534,822400,-0.05584314465522766,1.6990772485733032,-0.06334687024354935,1.9992533922195435
258,1708936767.4784756,825600,-0.05151837691664696,1.805894136428833,-0.06334687024354935,1.9992533922195435
259,1708936767.5447485,828800,-0.05151837691664696,1.805894136428833,-0.06477972865104675,2.0000717639923096
260,1708936768.3777058,832000,-0.05151837691664696,1.805894136428833,-0.06449374556541443,1.7938528060913086
261,1708936768.469765,835200,-0.0513196624815464,1.3411478996276855,-0.06449374556541443,1.7938528060913086
262,1708936769.2306914,838400,-0.0513196624815464,1.3411478996276855,-0.06531279534101486,1.9748181104660034
263,1708936769.3715472,841600,-0.04626563936471939,1.6042132377624512,-0.06531279534101486,1.9748181104660034
264,1708936770.0559824,844800,-0.04626563936471939,1.6042132377624512,-0.06727958470582962,1.8222126960754395
265,1708936770.3374069,848000,-0.045740894973278046,1.512619972229004,-0.06727958470582962,1.8222126960754395
266,1708936770.867908,851200,-0.045740894973278046,1.512619972229004,-0.0666159987449646,1.9642596244812012
267,1708936771.2714972,854400,-0.04677698016166687,1.6588746309280396,-0.0666159987449646,1.9642596244812012
268,1708936771.7261395,857600,-0.04677698016166687,1.6588746309280396,-0.06576606631278992,1.9438573122024536
269,1708936772.1701977,860800,-0.04550706222653389,1.7367281913757324,-0.06576606631278992,1.9438573122024536
270,1708936772.5463383,864000,-0.04550706222653389,1.7367281913757324,-0.06540079414844513,1.9663280248641968
271,1708936773.1704943,867200,-0.04185999929904938,1.3712691068649292,-0.06540079414844513,1.9663280248641968
272,1708936773.4294271,870400,-0.04185999929904938,1.3712691068649292,-0.06609221547842026,1.8927444219589233
273,1708936774.0764444,873600,-0.03996855020523071,1.376511812210083,-0.06609221547842026,1.8927444219589233
274,1708936774.292041,876800,-0.03996855020523071,1.376511812210083,-0.0660792738199234,1.9394694566726685
275,1708936775.056764,880000,-0.038275428116321564,1.6249358654022217,-0.0660792738199234,1.9394694566726685
276,1708936775.1288116,883200,-0.038275428116321564,1.6249358654022217,-0.06609378010034561,2.0227746963500977
277,1708936775.9090672,886400,-0.038275428116321564,1.6249358654022217,-0.0656687468290329,1.8484805822372437
278,1708936775.9848354,889600,-0.03680191934108734,1.6469131708145142,-0.0656687468290329,1.8484805822372437
279,1708936776.7674475,892800,-0.03680191934108734,1.6469131708145142,-0.06406459957361221,1.808083176612854
280,1708936776.910028,896000,-0.03547334298491478,1.3661998510360718,-0.06406459957361221,1.808083176612854
281,1708936777.6246467,899200,-0.03547334298491478,1.3661998510360718,-0.06314016133546829,1.9100027084350586
282,1708936777.8688977,902400,-0.034211885184049606,1.5775717496871948,-0.06314016133546829,1.9100027084350586
283,1708936778.49134,905600,-0.034211885184049606,1.5775717496871948,-0.06210528314113617,2.0786168575286865
284,1708936778.8486626,908800,-0.03390116989612579,1.7520077228546143,-0.06210528314113617,2.0786168575286865
285,1708936779.3088105,912000,-0.03390116989612579,1.7520077228546143,-0.061304207891225815,1.9058849811553955
286,1708936779.728014,915200,-0.0323314368724823,1.37886643409729,-0.061304207891225815,1.9058849811553955
287,1708936780.163263,918400,-0.0323314368724823,1.37886643409729,-0.06223026290535927,1.687721848487854
288,1708936780.6772902,921600,-0.03252936899662018,1.2637213468551636,-0.06223026290535927,1.687721848487854
289,1708936780.9747636,924800,-0.03252936899662018,1.2637213468551636,-0.06253951042890549,1.775765061378479
290,1708936781.6558778,928000,-0.03050636313855648,1.4585810899734497,-0.06253951042890549,1.775765061378479
291,1708936781.9038732,931200,-0.03050636313855648,1.4585810899734497,-0.06135474517941475,1.8936142921447754
292,1708936782.593154,934400,-0.030834930017590523,1.6717088222503662,-0.06135474517941475,1.8936142921447754
293,1708936782.740398,937600,-0.030834930017590523,1.6717088222503662,-0.05950888618826866,2.0141539573669434
294,1708936783.5392537,940800,-0.030834930017590523,1.6717088222503662,-0.05899931117892265,1.899027705192566
295,1708936783.5832243,944000,-0.03183717280626297,1.7252283096313477,-0.05899931117892265,1.899027705192566
296,1708936784.407344,947200,-0.03183717280626297,1.7252283096313477,-0.05900345370173454,1.9022647142410278
297,1708936784.5278525,950400,-0.031101692467927933,1.6782517433166504,-0.05900345370173454,1.9022647142410278
298,1708936785.185898,953600,-0.031101692467927933,1.6782517433166504,-0.058419905602931976,1.9400649070739746
299,1708936785.4701736,956800,-0.029882829636335373,1.6338311433792114,-0.058419905602931976,1.9400649070739746
300,1708936786.0377626,960000,-0.029882829636335373,1.6338311433792114,-0.05755431950092316,1.944738507270813
301,1708936786.3959649,963200,-0.02882738597691059,1.6105923652648926,-0.05755431950092316,1.944738507270813
302,1708936786.864211,966400,-0.02882738597691059,1.6105923652648926,-0.05619357153773308,1.9411282539367676
303,1708936787.3340974,969600,-0.02990599162876606,1.6460351943969727,-0.05619357153773308,1.9411282539367676
304,1708936787.6921334,972800,-0.02990599162876606,1.6460351943969727,-0.054163604974746704,1.9662443399429321
305,1708936788.299225,976000,-0.03162922337651253,1.6358336210250854,-0.054163604974746704,1.9662443399429321
306,1708936788.5236294,979200,-0.03162922337651253,1.6358336210250854,-0.05299757421016693,1.9189218282699585
307,1708936789.2838807,982400,-0.03247590363025665,1.7251875400543213,-0.05299757421016693,1.9189218282699585
308,1708936789.4904232,985600,-0.03247590363025665,1.7251875400543213,-0.052212342619895935,1.9239182472229004
309,1708936790.3384264,988800,-0.03278269246220589,1.61818265914917,-0.052212342619895935,1.9239182472229004
310,1708936790.3439794,992000,-0.03278269246220589,1.61818265914917,-0.0512712299823761,1.8752158880233765
311,1708936791.1962311,995200,-0.03278269246220589,1.61818265914917,-0.05056588351726532,1.9965702295303345
312,1708936791.2765856,998400,-0.0337262898683548,1.6640827655792236,-0.05056588351726532,1.9965702295303345
313,1708936792.029423,1001600,-0.0337262898683548,1.6640827655792236,-0.048783138394355774,2.2355852127075195
314,1708936792.3009355,1004800,-0.03197721391916275,1.8442564010620117,-0.048783138394355774,2.2355852127075195
